<?xml version='1.0' encoding='UTF-8'?>
<faces-config version="2.2"
              xmlns="http://xmlns.jcp.org/xml/ns/javaee"
              xmlns:xsi="http://www.w3.org/2001/XMLSchema-instance"
              xsi:schemaLocation="http://xmlns.jcp.org/xml/ns/javaee http://xmlns.jcp.org/xml/ns/javaee/web-facesconfig_2_2.xsd">

    
    <application>
        <resource-bundle>
            <base-name>utng.configuracion.strings</base-name>
            <var>str</var>
        </resource-bundle>
    </application>
    <navigation-rule>
        <from-view-id>*</from-view-id>
        <navigation-case>
            <from-outcome>Inicio</from-outcome>
            <to-view-id>/index.xhtml</to-view-id>
        </navigation-case>
         <navigation-case>
            <from-outcome>Usuarios</from-outcome>
            <to-view-id>/usuarios/list-usuarios.xhtml</to-view-id>
        </navigation-case>
        <navigation-case>
            <from-outcome>Roles</from-outcome>
            <to-view-id>/roles/list-roles.xhtml</to-view-id>
        </navigation-case>
        <navigation-case>
            <from-outcome>Modulos</from-outcome>
            <to-view-id>/modulos/list-modulos.xhtml</to-view-id>
        </navigation-case>
        <navigation-case>
            <from-outcome>Tecnologias</from-outcome>
            <to-view-id>/tecnologias/list-tecnologias.xhtml</to-view-id>
        </navigation-case>
        <navigation-case>
            <from-outcome>Cursos</from-outcome>
            <to-view-id>/cursos/list-cursos.xhtml</to-view-id>
        </navigation-case>      
    </navigation-rule>
    
    <!--Comienza la navegación-->
    <navigation-rule>
        <from-view-id>/usuarios/form-usuarios.xhtml</from-view-id>
        <navigation-case>
            <from-outcome>Guardar</from-outcome>
            <to-view-id>/usuarios/list-usuarios.xhtml</to-view-id>
        </navigation-case>
        <navigation-case>
            <from-outcome>Eliminar</from-outcome>
            <to-view-id>/usuarios/list-usuarios.xhtml</to-view-id>
        </navigation-case>
        <navigation-case>
            <from-outcome>Cancelar</from-outcome>
            <to-view-id>/usuarios/list-usuarios.xhtml</to-view-id>
        </navigation-case>
    </navigation-rule>
     
    <navigation-rule>
        <from-view-id>/usuarios/list-usuarios.xhtml</from-view-id>
        <navigation-case>
            <from-outcome>Iniciar</from-outcome>
            <to-view-id>/usuarios/form-usuarios.xhtml</to-view-id>
        </navigation-case>
        <navigation-case>
            <from-outcome>Editar</from-outcome>
            <to-view-id>/usuarios/form-usuarios.xhtml</to-view-id>
        </navigation-case>
    </navigation-rule>
    
    <navigation-rule>
        <from-view-id>/tecnologias/list-tecnologias.xhtml</from-view-id>
        <navigation-case>
            <from-outcome>Iniciar</from-outcome>
            <to-view-id>/tecnologias/form-tecnologias.xhtml</to-view-id>
        </navigation-case>
        <navigation-case>
            <from-outcome>Editar</from-outcome>
            <to-view-id>/tecnologias/form-tecnologias.xhtml</to-view-id>
        </navigation-case>
    </navigation-rule>
    <navigation-rule>
        <from-view-id>/tecnologias/form-tecnologias.xhtml</from-view-id>
        <navigation-case>
            <from-outcome>Guardar</from-outcome>
            <to-view-id>/tecnologias/list-tecnologias.xhtml</to-view-id>
        </navigation-case>
        <navigation-case>
            <from-outcome>Eliminar</from-outcome>
            <to-view-id>/tecnologias/list-tecnologias.xhtml</to-view-id>
        </navigation-case>
        <navigation-case>
            <from-outcome>Cancelar</from-outcome>
            <to-view-id>/tecnologias/list-tecnologias.xhtml</to-view-id>
        </navigation-case>
    </navigation-rule>
    
    
    <navigation-rule>
        <from-view-id>/roles/form-roles.xhtml</from-view-id>
        <navigation-case>
            <from-outcome>Guardar</from-outcome>
            <to-view-id>/roles/list-roles.xhtml</to-view-id>
        </navigation-case>
        <navigation-case>
            <from-outcome>Eliminar</from-outcome>
            <to-view-id>/roles/list-roles.xhtml</to-view-id>
        </navigation-case>
        <navigation-case>
            <from-outcome>Cancelar</from-outcome>
            <to-view-id>/roles/list-roles.xhtml</to-view-id>
        </navigation-case>
    </navigation-rule>
    
      
    <navigation-rule>
        <from-view-id>/roles/list-roles.xhtml</from-view-id>
        <navigation-case>
            <from-outcome>Iniciar</from-outcome>
            <to-view-id>/roles/form-roles.xhtml</to-view-id>
        </navigation-case>
        <navigation-case>
            <from-outcome>Editar</from-outcome>
            <to-view-id>/roles/form-roles.xhtml</to-view-id>
        </navigation-case>
    </navigation-rule>
    
    <navigation-rule>
        <from-view-id>/cursos/list-cursos.xhtml</from-view-id>
        <navigation-case>
            <from-outcome>Iniciar</from-outcome>
            <to-view-id>/cursos/form-cursos.xhtml</to-view-id>
        </navigation-case>
        <navigation-case>
            <from-outcome>Editar</from-outcome>
            <to-view-id>/cursos/form-cursos.xhtml</to-view-id>
        </navigation-case>
    </navigation-rule>
    
    <navigation-rule>
        <from-view-id>/cursos/form-cursos.xhtml</from-view-id>
        <navigation-case>
            <from-outcome>Guardar</from-outcome>
            <to-view-id>/cursos/list-cursos.xhtml</to-view-id>
        </navigation-case>
        <navigation-case>
            <from-outcome>Eliminar</from-outcome>
            <to-view-id>/cursos/list-cursos.xhtml</to-view-id>
        </navigation-case>
        <navigation-case>
            <from-outcome>Cancelar</from-outcome>
            <to-view-id>/cursos/list-cursos.xhtml</to-view-id>
        </navigation-case>
    </navigation-rule>
    
    
    <navigation-rule>
        <from-view-id>/modulos/form-modulos.xhtml</from-view-id>
        <navigation-case>
            <from-outcome>Guardar</from-outcome>
            <to-view-id>/modulos/list-modulos.xhtml</to-view-id>
        </navigation-case>
        <navigation-case>
            <from-outcome>Eliminar</from-outcome>
            <to-view-id>/modulos/list-modulos.xhtml</to-view-id>
        </navigation-case>
        <navigation-case>
            <from-outcome>Cancelar</from-outcome>
            <to-view-id>/modulos/list-modulos.xhtml</to-view-id>
        </navigation-case>
    </navigation-rule>
    
    <navigation-rule>
        <from-view-id>/modulos/list-modulos.xhtml</from-view-id>
        <navigation-case>
            <from-outcome>Iniciar</from-outcome>
            <to-view-id>/modulos/form-modulos.xhtml</to-view-id>
        </navigation-case>
        <navigation-case>
            <from-outcome>Editar</from-outcome>
            <to-view-id>/modulos/form-modulos.xhtml</to-view-id>
        </navigation-case>
    </navigation-rule>
    <navigation-rule>
        <from-view-id>/login.xhtml</from-view-id>
        <navigation-case>
            <from-outcome>Correcto</from-outcome>
            <to-view-id>/index.xhtml</to-view-id>
        </navigation-case>
        <navigation-case>
            <from-outcome>Incorrecto</from-outcome>
            <to-view-id>/login.xhtml</to-view-id>
        </navigation-case>
    </navigation-rule>
</faces-config>
 