<?xml version="1.0" encoding="UTF-8"?>
<!DOCTYPE hibernate-configuration PUBLIC 
"-//Hibernate/Hibernate Configuration DTD 3.0//EN" "
http://hibernate.sourceforge.net/hibernate-configuration-3.0.dtd"> 
<hibernate-configuration>
  <session-factory>
    <property name="hibernate.dialect">org.hibernate.dialect.PostgreSQLDialect</property>
    <property name="hibernate.connection.driver_class">org.postgresql.Driver</property>
    <property name="hibernate.connection.url">jdbc:postgresql://localhost:5432/universidad</property>
    <property name="hibernate.connection.username">postgres</property>
    <property name="hibernate.connection.password">1234</property>
    <property name="hibernate.show_sql">true</property>
    <property name="hibernate.connection.pool_size">1</property>
    <property name="hibernate.hbm2ddl.auto">update</property>
    
    <mapping class="utng.modelo.Usuario"/>
    <mapping class="utng.modelo.Rol"/>
    <mapping class="utng.modelo.Modulo"/> 
    <mapping class="utng.modelo.Curso"/> 
    <mapping class="utng.modelo.Tecnologia"/> 
        
  </session-factory>
</hibernate-configuration>
